Stage,Item,Category,Quantity,Also known as
River Stage,Pioneer CDJ-3000,dj,2,CDJ-3000; CDJ 3000; CDJ3000; CDJs; Pioneer CDJ 3000
River Stage,Pioneer DJM-900NXS2,dj,1,DJM-900; DJM 900; DJM900; DJM-900NXS2; DJ mixer
River Stage,Monitor wedge,audio,6,wedge; wedges; monitor wedges; foldback
River Stage,Shure SM58,audio,8,SM58; SM-58; vocal mic; vocal microphone
River Stage,DI box,audio,6,DI; DI boxes; direct box
River Stage,Drum riser,staging,1,riser; drum platform
Lawn Stage,Pioneer CDJ-3000,dj,2,CDJ-3000; CDJ 3000; CDJ3000; CDJs; Pioneer CDJ 3000
Lawn Stage,Pioneer DJM-900NXS2,dj,1,DJM-900; DJM 900; DJM900; DJM-900NXS2; DJ mixer
Lawn Stage,Monitor wedge,audio,4,wedge; wedges; monitor wedges; foldback
Lawn Stage,Shure SM58,audio,6,SM58; SM-58; vocal mic; vocal microphone
Lawn Stage,Microphone stand,staging,2,mic stand; mic stands; microphone stand; microphone stands; microphone with stand; mic with stand; boom stand
Dome Stage,Pioneer CDJ-2000NXS2,dj,2,CDJ-2000; CDJ 2000; CDJ2000; CDJ-2000NXS2
Dome Stage,Pioneer DJM-A9,dj,1,DJM-A9; DJM A9; DJMA9; DJM-A9 4-channel mixer; 4-channel mixer; DJ mixer
Dome Stage,Monitor wedge,audio,2,wedge; wedges; monitor wedges; foldback
Dome Stage,Shure SM58,audio,4,SM58; SM-58; vocal mic; vocal microphone
Dome Stage,Booth monitor speaker,audio,2,booth monitor; booth monitors; booth monitor speaker; booth monitor speakers; monitor speaker; monitor speakers
Dome Stage,Microphone stand,staging,4,mic stand; mic stands; microphone stand; microphone stands; microphone with stand; mic with stand; boom stand
Shared pool,Moog One analog synth,instrument,1,Moog One; Moog; analog synth; analogue synth; analog synthesizer; analogue synthesiser
Shared pool,Keyboard stand,staging,2,keys stand; X stand; keyboard stands
Shared pool,Haze machine,fx,2,hazer; fog machine; smoke machine; haze
Shared pool,Guest pass,accreditation,12,guest pass; guest passes; guest list pass
Shared pool,Backstage pass,accreditation,8,backstage pass; backstage passes; AAA pass; access all areas pass
Shared pool,Parking space,access,6,parking space; parking spaces; artist parking; parking bay
