Item,Unit cost AUD,Also known as
Private dressing room,350,dressing room; green room; private room
Premium beer,9,premium beer; craft beer; beers; beer
Bottle of champagne,140,champagne; prosecco; sparkling wine
Sushi platter,220,sushi platter; sushi
Cheese platter,120,cheese platter; cheese board
Fruit platter,60,fruit platter; fruit
Sparkling water,4,sparkling water; mineral water
Bottled water,2,bottled water; still water; water
Towel,5,towels; towel
Fresh flowers,85,fresh flowers; flowers
Hot meal,35,hot meals; hot meal; meals; dinner
DEFAULT CAP PER ARTIST,1000,
